<?xml version="1.0" encoding="utf-8"?>
<extension type="template" client="site">
	<name>ks-concept</name>
	<version>1.0.0</version>
	<creationDate>2022-10</creationDate>
	<author>KondaSoft</author>
	<authorEmail>info@kondasoft.com</authorEmail>
	<copyright>(C) 2022 KondaSoft, Inc.</copyright>
	<description>Free Joomla Template Powered By The Bootstrap Framework (v5) And 15+ Years Of Coding Experience.</description>
	<inheritable>1</inheritable>
	<files>
		<filename>component.php</filename>
		<filename>error.php</filename>
		<filename>index.php</filename>
		<filename>offline.php</filename>
		<filename>templateDetails.xml</filename>
		<folder>assets</folder>
		<folder>html</folder>
		<folder>includes</folder>
	</files>
	<media folder="media">
		<folder>kondasoft</folder>
	</media>
	<media destination="templates/site/ks-concept/images" folder="media">
		<filename>template_preview.png</filename>
		<filename>template_thumbnail.png</filename>
	</media>
	<languages folder="language">
		<language tag="en-GB">en-GB/tpl_ks-concept.ini</language>
	</languages>
	<positions>
		<position>topbar</position>
		<position>mainmenu-mobile</position>
		<position>mainmenu-desktop</position>
		<position>search</position>
		<position>main-top</position>
		<position>main-bottom</position>
		<position>footer</position>
		<position>debug</position>
	</positions>
	<config>
		<fields name="params">
			<!-- General -->
			<fieldset name="general" label="General" description="">
				<fieldset name="general_logo" label="Logo" description="">
					<field name="general_logo_media" type="media" label="Logo" description="" default="" />
					<field name="general_logo_width" type="text" label="Logo width (px)" description="" default="120" />
				</fieldset>
				<fieldset name="general_typography" label="Typography" description="">
					<field name="general_typography_headings_font_family" type="text" label="Headings Font Family" description="Enter the font name from Google Fonts libaray." default="Roboto" />
					<field name="general_typography_headings_font_weight" type="list" label="Headings Font Weight" description="" default="500" >
						<option value="100">100</option>
						<option value="200">200</option>
						<option value="300">300</option>
						<option value="400">400</option>
						<option value="500">500</option>
						<option value="600">600</option>
						<option value="700">700</option>
						<option value="800">800</option>
						<option value="900">900</option>
					</field>
					<field name="general_typography_body_font_option" type="list" label="Body Font Option" description="" default="system-fonts">
						<option value="system-fonts">System fonts (recommended)</option>
						<option value="google-fonts">Google fonts (enter below)</option>
					</field>
					<field name="general_typography_body_font_family" type="text" label="Body Font Family" description="Enter the font name from Google Fonts libaray. Note: different font-weights will be included automatically." default="Open Sans" showon="general_typography_body_font_option:google-fonts" />
				</fieldset>
			</fieldset>
			<!-- Colors -->
			<fieldset name="colors" label="Colors" description="">
				<field name="color_primary" type="color" label="Primary" description="" default="#D32F2F" />
				<field name="color_secondary" type="color" label="Secondary" description="" default="#455A64" />
				<field name="color_light" type="color" label="Light" description="" default="#F5F5F5" />
				<field name="color_dark" type="color" label="Dark" description="" default="#212121" />
			</fieldset>
			<!-- Layout -->
			<fieldset name="layout" label="Layout" description="">
				<fieldset name="layout_general" label="General">
					<field name="layout_general_hide_homepage_component" type="radio" class="btn-group" label="Hide Homepage Component" description="Useful if you plan to adjust the homepage only with modules" default="1">
						<option value="0">JNO</option>
						<option value="1">JYES</option>
					</field>
				</fieldset>
				<fieldset name="layout_topbar" label="Topbar">
					<field name="layout_topbar_bg_color" type="list" label="Background Color" description="" default="bg-primary text-white">
						<option value="bg-white text-dark">White</option>
						<option value="bg-light text-dark">Light</option>
						<option value="bg-primary text-white">Primary</option>
						<option value="bg-secondary text-white">Secondary</option>
						<option value="bg-dark text-white">Dark</option>
						<option value="bg-success text-white">Success</option>
						<option value="bg-danger text-white">Danger</option>
						<option value="bg-warning text-dark">Warning</option>
						<option value="bg-info text-white">Info</option>
					</field>
					<field name="layout_topbar_spacing" type="integer" label="Spacing" description="Padding top/bottom" first="0" last="5" step="1" default="2" />
				</fieldset>
				<fieldset name="layout_navbar" label="Navbar">
					<field name="layout_navbar_bg_color" type="list" label="Background Color" description="" default="bg-white navbar-light">
						<option value="bg-white navbar-light">White</option>
						<option value="bg-light navbar-light">Light</option>
						<option value="bg-primary navbar-dark">Primary</option>
						<option value="bg-secondary navbar-dark">Secondary</option>
						<option value="bg-dark navbar-dark">Dark</option>
					</field>
					<field name="layout_navbar_container" type="list" label="Container" description="" default="container">
						<option value="container-fluid">Fluid</option>
						<option value="container">Container</option>
					</field>
					<field name="layout_navbar_shadow" type="list" label="Shadow" description="" default="shadow-sm">
						<option value="shadow-none">No shadow</option>
						<option value="shadow-sm">Shadow sm</option>
						<option value="shadow">Shadow</option>
						<option value="shadow-lg">Shadow lg</option>
					</field>
					<field name="layout_navbar_right_content" type="list" label="Right Content" description="Whether to show a smart search form or a call-to-action button" default="smart-search">
						<option value="smart-search">Smart search</option>
						<option value="cta-button">CTA Button</option>
					</field>
					<field name="layout_navbar_cta_button_text" type="text" label="CTA Button Text" description="" default="Contact us" showon="layout_navbar_right_content:cta-button" />
					<field name="layout_navbar_cta_button_icon" type="textarea" label="CTA Button Icon Class" description="Will be shown as a replacement for the text in mobile view" default="icon-mail" showon="layout_navbar_right_content:cta-button" />
					<field name="layout_navbar_cta_button_url" type="url" label="CTA Button URL" description="" default="" showon="layout_navbar_right_content:cta-button" />
					<field name="layout_navbar_cta_button_color" type="list" label="CTA Button Color" description="" default="btn-primary" showon="layout_navbar_right_content:cta-button">
						<option value="btn-primary">Primary</option>
						<option value="btn-secondary">Secondary</option>
						<option value="btn-dark">Dark</option>
						<option value="btn-light">Light</option>
						<option value="btn-success">Success</option>
						<option value="btn-danger">Danger</option>
						<option value="btn-warning">Warning</option>
						<option value="btn-info">Info</option>
					</field>
					<field name="layout_navbar_spacing" type="integer" label="Spacing" description="Padding top/bottom" first="0" last="5" step="1" default="3" />
				</fieldset>
				<fieldset name="layout_footer" label="Footer">
					<field name="layout_footer_bg_color" type="list" label="Background Color" description="" default="bg-dark text-white">
						<option value="bg-white text-dark">White</option>
						<option value="bg-light text-dark">Light</option>
						<option value="bg-primary text-white">Primary</option>
						<option value="bg-secondary text-white">Secondary</option>
						<option value="bg-dark text-white">Dark</option>
					</field>
					<field name="layout_footer_spacing_top" type="integer" label="Spacing Top" description="Padding top only" first="0" last="12" step="1" default="10" />
				</fieldset>
				<fieldset name="layout_offcanvas_menu" label="Offcanvas menu">
					<field name="layout_offcanvas_menu_width" type="text" label="Width (px)" description="" default="300" />
					<field name="layout_offcanvas_menu_header_bg_color" type="list" label="Header Bg Color" description="" default="bg-primary text-white">
						<option value="bg-white text-dark">White</option>
						<option value="bg-light text-dark">Light</option>
						<option value="bg-primary text-white">Primary</option>
						<option value="bg-secondary text-white">Secondary</option>
						<option value="bg-dark text-white">Dark</option>
						<option value="bg-success text-white">Success</option>
						<option value="bg-danger text-white">Danger</option>
						<option value="bg-warning text-dark">Warning</option>
						<option value="bg-info text-white">Info</option>
					</field>
					<field name="layout_offcanvas_show_social_menu" type="radio" class="btn-group" label="Show Social Menu" description="" default="1">
						<option value="0">JNO</option>
						<option value="1">JYES</option>
					</field>
					<field name="layout_offcanvas_social_menu" type="menu" default="social-media-links" label="Select Menu" description="" showon="layout_offcanvas_show_social_menu:1" />
				</fieldset>
			</fieldset>
		</fields>
	</config>
</extension>
